рік,університет_id,університет_назва,освітня_програма,спеціальність,спеціалізація,факультет,галузь,форма_навчання,на_базі,є_бюджет,є_іноземці,кількість_пропозицій,вартість_мін_грн,вартість_макс_грн,зараховано_бюджет,зараховано_контракт,зараховано_платно,зараховано_грант,всього_заяв,макс_держзамовлення,ліцензійний_обсяг,невикористані_місця,конкурс_бюджет,середній_пріоритет,рейт_бал_бюджет,рейт_бал_контракт,рейт_бал_всіх,рейт_бал_всіх_заяв,зно_бал_бюджет,зно_бал_контракт,зно_мін_бюджет,рейт_мін_бюджет,url_основна
2022,244,Український католицький університет,Artes Liberales: Історія,Історія та археологія,,Гуманітарний факультет,Гуманітарні науки,Денна,Повна загальна середня освіта,Ні,Ні,1,80000,80000,,25,,,77,,35,10,,,,176.06,176.06,176.06,,173.48,,,https://vstup.osvita.ua/y2022/r14/244/978432/
2022,244,Український католицький університет,Artes Liberales: Культурологія,Культурологія,,Гуманітарний факультет,Гуманітарні науки,Денна,Повна загальна середня освіта,Ні,Ні,1,80000,80000,,33,,,79,,35,2,,,,178.82,178.82,177.40,,178.06,,,https://vstup.osvita.ua/y2022/r14/244/978433/
2022,244,Український католицький університет,Artes Liberales: Філологія,Філологія,,Гуманітарний факультет,Гуманітарні науки,Денна,Повна загальна середня освіта,Ні,Ні,1,80000,80000,,40,,,134,,40,,,,,181.70,181.70,181.17,,181.00,,,https://vstup.osvita.ua/y2022/r14/244/978933/
2022,244,Український католицький університет,Інформаційні технології та бізнес-аналітика,Системний аналіз,,Факультет прикладних наук,Інформаційні технології,Денна,Повна загальна середня освіта,Ні,Так,1,80000,80000,,50,,,246,,50,,,,,196.18,196.18,189.69,,195.42,,,https://vstup.osvita.ua/y2022/r14/244/993327/
2022,244,Український католицький університет,Богослов'я,Богослов’я,,Філософсько-богословський факультет,Богослов’я,Денна,Повна загальна середня освіта,Ні,Так,4,27500,80000,,41,,,52,,60,23,,,,169.19,169.19,169.06,,167.04,,,https://vstup.osvita.ua/y2022/r14/244/995805/
2022,244,Український католицький університет,Етика-Політика-Економіка,Політологія,,Факультет суспільних наук,Соціальні та поведінкові науки,Денна,Повна загальна середня освіта,Ні,Так,1,80000,80000,,50,,,163,,50,,,,,187.69,187.69,186.97,,187.83,,,https://vstup.osvita.ua/y2022/r14/244/984680/
2022,244,Український католицький університет,Комп'ютерні науки,Комп'ютерні науки,,Факультет прикладних наук,Інформаційні технології,Денна,Повна загальна середня освіта,Ні,Так,1,80000,80000,,50,,,303,,50,,,,,196.88,196.88,188.91,,195.96,,,https://vstup.osvita.ua/y2022/r14/244/994470/
2022,244,Український католицький університет,Право,Право,,Факультет суспільних наук,Право,Денна,Повна загальна середня освіта,Ні,Ні,2,80000,80000,,50,,,173,,49,,,,,188.38,188.38,187.12,,187.39,,,https://vstup.osvita.ua/y2022/r14/244/1014829/
2022,244,Український католицький університет,Психологія,Психологія,,Факультет наук про здоров’я,Соціальні та поведінкові науки,Денна,Повна загальна середня освіта,Ні,Так,2,44000,80000,,35,,,178,,35,,,,,189.39,189.39,185.86,,189.63,,,https://vstup.osvita.ua/y2022/r14/244/995178/
2022,244,Український католицький університет,Соціальна робота,Соціальна робота,,Факультет наук про здоров’я,Соціальна робота,Денна,Повна загальна середня освіта,Ні,Так,2,27500,80000,,28,,,57,,30,2,,,,166.44,166.44,166.44,,166.65,,,https://vstup.osvita.ua/y2022/r14/244/989551/
2022,244,Український католицький університет,Соціологія,Соціологія,,Факультет суспільних наук,Соціальні та поведінкові науки,Денна,Повна загальна середня освіта,Ні,Так,1,80000,80000,,35,,,100,,35,,,,,182.77,182.77,181.81,,182.84,,,https://vstup.osvita.ua/y2022/r14/244/1002830/
2023,244,Український католицький університет,Artes Liberales: Історія,Історія та археологія,,Гуманітарний факультет,Гуманітарні науки,Денна,Повна загальна середня освіта,Ні,Ні,1,110000,110000,,31,,,81,,35,4,,,,168.13,168.13,168.13,,166.16,,,https://vstup.osvita.ua/y2023/r14/244/1213409/
2023,244,Український католицький університет,Artes Liberales: Культурологія,Культурологія,,Гуманітарний факультет,Гуманітарні науки,Денна,Повна загальна середня освіта,Ні,Ні,1,110000,110000,,35,,,82,,35,,,,,168.74,168.74,168.74,,167.63,,,https://vstup.osvita.ua/y2023/r14/244/1213410/
2023,244,Український католицький університет,Artes Liberales: Філологія,Філологія,,Гуманітарний факультет,Гуманітарні науки,Денна,Повна загальна середня освіта,Ні,Ні,1,110000,110000,,40,,,151,,40,,,,,181.59,181.59,171.28,,180.46,,,https://vstup.osvita.ua/y2023/r14/244/1202170/
2023,244,Український католицький університет,Інформаційні технології та бізнес-аналітика,Системний аналіз,,Факультет прикладних наук,Інформаційні технології,Денна,Повна загальна середня освіта,Ні,Так,1,110000,110000,,50,,,239,,50,,,,,191.81,191.81,181.32,,190.92,,,https://vstup.osvita.ua/y2023/r14/244/1207023/
2023,244,Український католицький університет,Богослов'я,Богослов’я,,Філософсько-богословський факультет,Богослов’я,Денна,Повна загальна середня освіта,Ні,Так,5,19000,110000,,39,,,52,,50,16,,,,166.15,166.15,165.09,,163.31,,,https://vstup.osvita.ua/y2023/r14/244/1197194/
2023,244,Український католицький університет,Етика-Політика-Економіка,Політологія,,Факультет суспільних наук,Соціальні та поведінкові науки,Денна,Повна загальна середня освіта,Ні,Так,1,110000,110000,,50,,,224,,50,,,,,183.91,183.91,170.96,,184.26,,,https://vstup.osvita.ua/y2023/r14/244/1136917/
2023,244,Український католицький університет,Комп'ютерні науки,Комп'ютерні науки,,Факультет прикладних наук,Інформаційні технології,Денна,Повна загальна середня освіта,Ні,Так,1,110000,110000,,50,,,291,,50,,,,,191.15,191.15,180.16,,190.40,,,https://vstup.osvita.ua/y2023/r14/244/1196397/
2023,244,Український католицький університет,Право,Право,,Факультет суспільних наук,Право,Денна,Повна загальна середня освіта,Ні,Ні,1,110000,110000,,50,,,209,,50,,,,,177.70,177.70,166.12,,176.02,,,https://vstup.osvita.ua/y2023/r14/244/1126025/
2023,244,Український католицький університет,Психологія,Психологія,,Факультет наук про здоров’я,Соціальні та поведінкові науки,Денна,Повна загальна середня освіта,Ні,Так,1,110000,110000,,50,,,230,,50,,,,,182.44,182.44,167.81,,182.67,,,https://vstup.osvita.ua/y2023/r14/244/1196922/
2023,244,Український католицький університет,Соціальна робота,Соціальна робота,,Факультет наук про здоров’я,Соціальна робота,Денна,Повна загальна середня освіта,Ні,Так,1,110000,110000,,30,,,92,,30,,,,,167.58,167.58,162.60,,168.31,,,https://vstup.osvita.ua/y2023/r14/244/1140918/
2023,244,Український католицький університет,Соціологія,Соціологія,,Факультет суспільних наук,Соціальні та поведінкові науки,Денна,Повна загальна середня освіта,Ні,Так,1,110000,110000,,40,,,149,,40,,,,,178.80,178.80,168.16,,178.96,,,https://vstup.osvita.ua/y2023/r14/244/1218147/
2024,244,Український католицький університет,Artes Liberales: Історія,Історія та археологія,,Гуманітарний факультет,Гуманітарні науки,Денна,Повна загальна середня освіта,Ні,Так,1,129000,129000,,21,,,79,,30,9,,,,168.32,168.32,168.32,,166.65,,,https://vstup.osvita.ua/y2024/r14/244/1347464/
2024,244,Український католицький університет,Artes Liberales: Культурологія,Культурологія,,Гуманітарний факультет,Гуманітарні науки,Денна,Повна загальна середня освіта,Ні,Ні,1,129000,129000,,30,,,81,,30,,,,,171.80,171.80,167.47,,169.77,,,https://vstup.osvita.ua/y2024/r14/244/1347465/
2024,244,Український католицький університет,Artes Liberales: Філологія,Філологія,,Гуманітарний факультет,Гуманітарні науки,Денна,Повна загальна середня освіта,Ні,Ні,1,129000,129000,,39,,,130,,40,1,,,,171.27,171.27,169.81,,170.38,,,https://vstup.osvita.ua/y2024/r14/244/1339861/
2024,244,Український католицький університет,Інформаційні технології та бізнес-аналітика,Системний аналіз,,Факультет прикладних наук,Інформаційні технології,Денна,Повна загальна середня освіта,Ні,Так,1,129000,129000,,50,,,268,,50,,,,,189.75,189.75,180.22,,189.44,,,https://vstup.osvita.ua/y2024/r14/244/1343192/
2024,244,Український католицький університет,Богослов'я,Богослов’я,,Філософсько-богословський факультет,Богослов’я,Денна,Повна загальна середня освіта,Ні,Так,2,129000,129000,,40,,,66,,50,13,,,,157.59,157.59,157.59,,156.44,,,https://vstup.osvita.ua/y2024/r14/244/1333052/
2024,244,Український католицький університет,Етика-Політика-Економіка,Політологія,,Факультет суспільних наук,Соціальні та поведінкові науки,Денна,Повна загальна середня освіта,Ні,Так,1,129000,129000,,50,,,194,,50,,,,,179.32,179.32,173.48,,179.72,,,https://vstup.osvita.ua/y2024/r14/244/1294958/
2024,244,Український католицький університет,Комп'ютерні науки,Комп'ютерні науки,,Факультет прикладних наук,Інформаційні технології,Денна,Повна загальна середня освіта,Ні,Так,1,129000,129000,,70,,,309,,70,,,,,187.36,187.36,179.69,,187.02,,,https://vstup.osvita.ua/y2024/r14/244/1328596/
2024,244,Український католицький університет,Право,Право,,Факультет суспільних наук,Право,Денна,Повна загальна середня освіта,Ні,Так,2,129000,129000,,51,,,154,,50,,,,,176.99,176.99,174.78,,176.06,,,https://vstup.osvita.ua/y2024/r14/244/1292279/
2024,244,Український католицький університет,Психологія,Психологія,,Факультет наук про здоров’я,Соціальні та поведінкові науки,Денна,Повна загальна середня освіта,Ні,Так,1,129000,129000,,50,,,233,,50,,,,,180.20,180.20,169.20,,180.82,,,https://vstup.osvita.ua/y2024/r14/244/1331366/
2024,244,Український католицький університет,Соціальна робота,Соціальна робота,,Факультет наук про здоров’я,Соціальна робота,Денна,Повна загальна середня освіта,Ні,Так,1,129000,129000,,29,,,62,,30,1,,,,160.75,160.75,160.29,,161.32,,,https://vstup.osvita.ua/y2024/r14/244/1306023/
2024,244,Український католицький університет,Соціологія,Соціологія,,Факультет суспільних наук,Соціальні та поведінкові науки,Денна,Повна загальна середня освіта,Ні,Так,1,129000,129000,,40,,,115,,40,,,,,175.49,175.49,172.47,,176.21,,,https://vstup.osvita.ua/y2024/r14/244/1349399/
2025,244,Український католицький університет,Artes Liberales: Історія,Історія та археологія,,Гуманітарний факультет,"Культура, мистецтво та гуманітарні науки",Денна,Повна загальна середня освіта,Ні,Так,1,147000,147000,,27,,,75,,30,3,,,,167.26,167.26,169.54,,164.88,,,https://vstup.osvita.ua/y2025/r14/244/1486182/
2025,244,Український католицький університет,Artes Liberales: Культурологія,Культурологія та музеєзнавство,,Гуманітарний факультет,"Культура, мистецтво та гуманітарні науки",Денна,Повна загальна середня освіта,Ні,Так,1,147000,147000,,30,,,64,,30,,,,,163.56,163.56,163.74,,166.01,,,https://vstup.osvita.ua/y2025/r14/244/1486183/
2025,244,Український католицький університет,Artes Liberales: Філологія,Філологія,Українська мова та література,Гуманітарний факультет,"Культура, мистецтво та гуманітарні науки",Денна,Повна загальна середня освіта,Ні,Ні,1,147000,147000,,40,,,117,,40,,,,,169.66,169.66,166.12,,167.11,,,https://vstup.osvita.ua/y2025/r14/244/1479361/
2025,244,Український католицький університет,Інформаційні технології та аналітика рішень,Системний аналіз та наука про дані,,Факультет прикладних наук,Інформаційні технології,Денна,Повна загальна середня освіта,Ні,Ні,1,147000,147000,,50,,,191,,50,,,,,177.92,177.92,173.63,,183.27,,,https://vstup.osvita.ua/y2025/r14/244/1482447/
2025,244,Український католицький університет,Богослов'я,Богослов'я,,Філософсько-богословський факультет,"Культура, мистецтво та гуманітарні науки",Денна,Повна загальна середня освіта,Ні,Так,2,147000,147000,,35,,,48,,50,18,,,,161.32,161.32,159.70,,158.70,,,https://vstup.osvita.ua/y2025/r14/244/1472789/
2025,244,Український католицький університет,Етика-Політика-Економіка,Політологія,,Факультет суспільних наук,"Соціальні науки, журналістика, інформація та міжнародні відносини",Денна,Повна загальна середня освіта,Ні,Ні,1,147000,147000,,50,,,199,,50,,,,,181.88,181.88,172.85,,181.96,,,https://vstup.osvita.ua/y2025/r14/244/1439544/
2025,244,Український католицький університет,Комп'ютерні науки,Комп'ютерні науки,,Факультет прикладних наук,Інформаційні технології,Денна,Повна загальна середня освіта,Ні,Так,1,147000,147000,,50,,,231,,50,,,,,179.17,179.17,173.03,,183.55,,,https://vstup.osvita.ua/y2025/r14/244/1468513/
2025,244,Український католицький університет,Право,Право,,Факультет права,"Бізнес, адміністрування та право",Денна,Повна загальна середня освіта,Ні,Так,1,147000,147000,,65,,,231,,66,1,,,,176.91,176.91,170.45,,177.20,,,https://vstup.osvita.ua/y2025/r14/244/1547412/
2025,244,Український католицький університет,Психологія,Психологія,,Факультет наук про здоров’я,"Соціальні науки, журналістика, інформація та міжнародні відносини",Денна,Повна загальна середня освіта,Ні,Так,1,147000,147000,,50,,,183,,50,,,,,168.23,168.23,163.91,,172.96,,,https://vstup.osvita.ua/y2025/r14/244/1471187/
2025,244,Український католицький університет,Робототехніка,"Автоматизація, комп’ютерно-інтегровані технології та робототехніка",,Факультет прикладних наук,"Інженерія, виробництво та будівництво",Денна,Повна загальна середня освіта,Ні,Ні,1,147000,147000,,20,,,86,,21,1,,,,172.85,172.85,172.32,,177.02,,,https://vstup.osvita.ua/y2025/r14/244/1449890/
2025,244,Український католицький університет,Соціальна робота,Соціальна робота та консультування,,Факультет наук про здоров’я,Охорона здоров'я та соціальне забезпечення,Денна,Повна загальна середня освіта,Ні,Ні,1,147000,147000,,24,,,51,,30,6,,,,147.49,147.49,150.58,,154.67,,,https://vstup.osvita.ua/y2025/r14/244/1449891/
2025,244,Український католицький університет,Соціологія,Соціологія,,Факультет суспільних наук,"Соціальні науки, журналістика, інформація та міжнародні відносини",Денна,Повна загальна середня освіта,Ні,Так,1,147000,147000,,40,,,123,,41,1,,,,169.89,169.89,167.53,,170.48,,,https://vstup.osvita.ua/y2025/r14/244/1487817/
2022,3846,IT STEP Університет,Комп'ютерні науки,Комп'ютерні науки,,,Інформаційні технології,Денна,Повна загальна середня освіта,Ні,Ні,6,78000,94000,,66,,,140,,150,88,,,,157.97,157.97,161.33,,157.96,,,https://vstup.osvita.ua/y2022/r14/3846/987788/
2023,3846,IT STEP Університет,Комп'ютерні науки,Комп'ютерні науки,,,Інформаційні технології,Денна,Повна загальна середня освіта,Ні,Ні,7,99000,115000,,55,,,160,,200,147,,,,153.43,153.43,155.69,,154.12,,,https://vstup.osvita.ua/y2023/r14/3846/1139198/
2024,3846,IT STEP Університет,Комп'ютерні науки,Комп'ютерні науки,,,Інформаційні технології,Денна,Повна загальна середня освіта,Ні,Ні,9,106000,122000,,28,,,87,,75,56,,,,149.87,149.87,156.56,,150.38,,,https://vstup.osvita.ua/y2024/r14/3846/1304374/
2024,3846,IT STEP Університет,Маркетинг,Маркетинг,,,Управління та адміністрування,Денна,Повна загальна середня освіта,Ні,Ні,3,122000,122000,,4,,,15,,25,21,,,,143.87,143.87,152.82,,143.21,,,https://vstup.osvita.ua/y2024/r14/3846/1415415/
2024,3846,IT STEP Університет,Менеджмент,Менеджмент,,,Управління та адміністрування,Денна,Повна загальна середня освіта,Ні,Ні,2,122000,122000,,,,,8,,45,45,,,,,,152.24,,,,,https://vstup.osvita.ua/y2024/r14/3846/1415348/
2025,3846,IT STEP Університет,Комп'ютерні науки,Комп'ютерні науки,,,Інформаційні технології,Денна,Повна загальна середня освіта,Ні,Ні,7,97000,137000,,35,,,75,,44,18,,,,148.23,148.23,147.72,,153.51,,,https://vstup.osvita.ua/y2025/r14/3846/1448436/
2025,3846,IT STEP Університет,Маркетинг,Маркетинг,,,"Бізнес, адміністрування та право",Денна,Повна загальна середня освіта,Ні,Ні,4,97000,137000,,6,,,20,,14,11,,,,134.93,134.93,140.91,,139.66,,,https://vstup.osvita.ua/y2025/r14/3846/1529638/
2022,3924,"Університет ""Київська школа економіки""",Бізнес-економіка,Економіка,,Кафедра економіки,Соціальні та поведінкові науки,Денна,Повна загальна середня освіта,Так,Ні,5,80000,80000,8,34,14,9,83,9,43,20,9.22,1.45,193.18,168.61,173.29,173.28,193.17,168.43,180.00,185.45,https://vstup.osvita.ua/y2022/r27/3924/1070761/
2022,3924,"Університет ""Київська школа економіки""",Економіка і великі дані,Економіка,,Кафедра економіки,Соціальні та поведінкові науки,Денна,Повна загальна середня освіта,Так,Ні,4,80000,80000,6,13,3,2,51,6,25,11,8.50,1.70,192.60,174.96,180.53,175.71,192.25,173.79,164.00,180.90,https://vstup.osvita.ua/y2022/r27/3924/1070760/
2022,3924,"Університет ""Київська школа економіки""",Програмна інженерія та бізнес-аналіз,Інженерія програмного забезпечення,,,Інформаційні технології,Денна,Повна загальна середня освіта,Так,Ні,4,100000,100000,9,18,9,4,73,10,29,7,7.30,2.19,192.22,174.48,180.39,177.09,189.93,174.57,164.00,190.40,https://vstup.osvita.ua/y2022/r27/3924/1070718/
2023,3924,"Університет ""Київська школа економіки""",Бізнес-економіка,Економіка,,Факультет бакалаврських студій,Соціальні та поведінкові науки,Денна,Повна загальна середня освіта,Так,Ні,4,100000,100000,8,130,21,50,191,8,109,63,23.88,2.00,196.21,169.24,170.80,172.68,195.54,169.62,181.00,193.50,https://vstup.osvita.ua/y2023/r27/3924/1209166/
2023,3924,"Університет ""Київська школа економіки""",Економіка і великі дані,Економіка,,Факультет бакалаврських студій,Соціальні та поведінкові науки,Денна,Повна загальна середня освіта,Так,Ні,3,100000,100000,7,32,4,13,72,8,40,24,9.00,1.61,190.17,174.49,177.30,178.53,189.81,174.32,187.00,193.70,https://vstup.osvita.ua/y2023/r27/3924/1209165/
2023,3924,"Університет ""Київська школа економіки""",Кібербезпека,Кібербезпека та захист інформації,,Факультет бакалаврських студій,Інформаційні технології,Денна,Повна загальна середня освіта,Ні,Ні,2,120000,120000,,9,0,4,43,,40,31,,,,166.27,166.27,164.71,,168.00,,,https://vstup.osvita.ua/y2023/r27/3924/1255307/
2023,3924,"Університет ""Київська школа економіки""",Право,Право,,Факультет бакалаврських студій,Право,Денна,Повна загальна середня освіта,Ні,Ні,2,100000,100000,,17,1,5,68,,80,64,,,,167.00,167.00,169.13,,165.27,,,https://vstup.osvita.ua/y2023/r27/3924/1208959/
2023,3924,"Університет ""Київська школа економіки""",Прикладна математика,Прикладна математика,,Факультет бакалаврських студій,Математика та статистика,Денна,Повна загальна середня освіта,Ні,Ні,2,80000,80000,,8,4,2,26,,23,17,,,,179.01,179.01,174.56,,178.41,,,https://vstup.osvita.ua/y2023/r27/3924/1255308/
2023,3924,"Університет ""Київська школа економіки""",Програмна інженерія та бізнес-аналіз,Інженерія програмного забезпечення,,Факультет бакалаврських студій,Інформаційні технології,Денна,Повна загальна середня освіта,Так,Ні,3,120000,120000,8,69,12,23,121,11,59,35,11.00,1.98,196.75,171.35,173.99,175.68,196.58,172.01,187.00,193.73,https://vstup.osvita.ua/y2023/r27/3924/1208960/
2023,3924,"Університет ""Київська школа економіки""",Психологія,Психологія,,Факультет бакалаврських студій,Соціальні та поведінкові науки,Денна,Повна загальна середня освіта,Ні,Ні,2,100000,100000,,31,6,13,66,,63,33,,,,166.62,166.62,166.86,,167.94,,,https://vstup.osvita.ua/y2023/r27/3924/1255310/
2023,3924,"Університет ""Київська школа економіки""",Штучний інтелект,Комп'ютерні науки,,Факультет бакалаврських студій,Інформаційні технології,Денна,Повна загальна середня освіта,Ні,Ні,2,120000,120000,,19,5,12,75,,74,55,,,,174.04,174.04,171.14,,173.81,,,https://vstup.osvita.ua/y2023/r27/3924/1255306/
2024,3924,"Університет ""Київська школа економіки""",Бізнес-економіка,Економіка,,Факультет бакалаврських студій,Соціальні та поведінкові науки,Денна,Повна загальна середня освіта,Так,Ні,3,120000,120000,8,92,30,37,206,9,110,59,22.89,1.60,193.32,169.81,171.69,172.66,192.78,169.65,168.00,193.25,https://vstup.osvita.ua/y2024/r27/3924/1340169/
2024,3924,"Університет ""Київська школа економіки""",Економіка і великі дані,Економіка,,Факультет бакалаврських студій,Соціальні та поведінкові науки,Денна,Повна загальна середня освіта,Так,Ні,3,100000,100000,8,31,10,28,104,10,40,12,10.40,1.31,194.62,176.28,180.04,179.01,193.63,175.91,179.00,192.40,https://vstup.osvita.ua/y2024/r27/3924/1340168/
2024,3924,"Університет ""Київська школа економіки""",Кібербезпека,Кібербезпека та захист інформації,,Факультет бакалаврських студій,Інформаційні технології,Денна,Повна загальна середня освіта,Так,Ні,3,120000,120000,4,7,3,2,42,5,20,11,8.40,2.14,176.44,163.93,168.48,169.63,175.50,164.29,154.00,182.92,https://vstup.osvita.ua/y2024/r27/3924/1417469/
2024,3924,"Університет ""Київська школа економіки""",Право,Право,,Факультет бакалаврських студій,Право,Денна,Повна загальна середня освіта,Так,Ні,3,100000,100000,2,19,5,14,40,5,60,49,8.00,2.31,170.27,168.71,168.86,170.82,168.96,167.43,176.00,187.04,https://vstup.osvita.ua/y2024/r27/3924/1413539/
2024,3924,"Університет ""Київська школа економіки""",Прикладна математика,Прикладна математика,,Факультет бакалаврських студій,Математика та статистика,Денна,Повна загальна середня освіта,Так,Ні,3,80000,80000,5,14,5,9,36,8,20,6,4.50,1.80,192.22,167.33,173.88,173.58,191.25,166.68,172.00,190.31,https://vstup.osvita.ua/y2024/r27/3924/1417428/
2024,3924,"Університет ""Київська школа економіки""",Програмна інженерія та бізнес-аналіз,Інженерія програмного забезпечення,,Факультет бакалаврських студій,Інформаційні технології,Денна,Повна загальна середня освіта,Так,Ні,3,130000,130000,12,36,11,19,133,13,80,44,10.23,1.63,191.78,172.59,177.40,177.84,191.48,172.12,181.00,192.39,https://vstup.osvita.ua/y2024/r27/3924/1339496/
2024,3924,"Університет ""Київська школа економіки""",Психологія,Психологія,,Факультет бакалаврських студій,Соціальні та поведінкові науки,Денна,Повна загальна середня освіта,Так,Ні,3,100000,100000,5,32,7,24,77,7,45,22,11.00,1.16,179.21,164.69,166.66,166.26,178.22,165.36,163.00,185.00,https://vstup.osvita.ua/y2024/r27/3924/1417345/
2024,3924,"Університет ""Київська школа економіки""",Штучний інтелект,Комп'ютерні науки,,Факультет бакалаврських студій,Інформаційні технології,Денна,Повна загальна середня освіта,Так,Ні,3,120000,120000,14,14,4,13,112,17,45,21,6.59,1.98,191.68,173.01,182.34,179.48,190.70,172.92,156.00,189.15,https://vstup.osvita.ua/y2024/r27/3924/1417453/
2025,3924,"Університет ""Київська школа економіки""",Бізнес-економіка,Економіка та міжнародні економічні відносини,Економіка,Факультет соціальних наук,"Соціальні науки, журналістика, інформація та міжнародні відносини",Денна,Повна загальна середня освіта,Так,Так,3,132500,132500,9,133,71,61,284,10,74,9,28.40,1.96,184.14,166.94,168.03,167.61,187.05,172.33,173.00,183.54,https://vstup.osvita.ua/y2025/r27/3924/1479674/
2025,3924,"Університет ""Київська школа економіки""",Економіка і великі дані,Економіка та міжнародні економічні відносини,Економіка,Факультет соціальних наук,"Соціальні науки, журналістика, інформація та міжнародні відносини",Денна,Повна загальна середня освіта,Так,Так,3,110000,110000,10,57,27,29,151,11,30,2,13.73,2.11,187.14,167.74,170.63,170.22,191.50,172.79,173.00,183.54,https://vstup.osvita.ua/y2025/r27/3924/1479673/
2025,3924,"Університет ""Київська школа економіки""",Кібербезпека,Кібербезпека та захист інформації,,Факультет комп'ютерних наук,Інформаційні технології,Денна,Повна загальна середня освіта,Так,Ні,3,132500,132500,6,37,20,15,101,6,23,6,16.83,2.66,184.47,159.43,162.93,163.20,185.54,164.42,158.00,182.14,https://vstup.osvita.ua/y2025/r27/3924/1531858/
2025,3924,"Університет ""Київська школа економіки""",Право,Право,,Факультет соціальних наук,"Бізнес, адміністрування та право",Денна,Повна загальна середня освіта,Так,Ні,3,110000,110000,5,33,8,26,99,5,18,,19.80,2.08,188.06,173.00,174.98,168.58,188.00,172.94,179.00,184.94,https://vstup.osvita.ua/y2025/r27/3924/1527637/
2025,3924,"Університет ""Київська школа економіки""",Прикладна математика,Прикладна математика,,Факультет математики,Інформаційні технології,Денна,Повна загальна середня освіта,Так,Ні,3,87500,87500,8,19,7,8,67,9,20,3,7.44,2.44,187.22,172.39,176.79,172.86,185.47,175.15,154.00,185.21,https://vstup.osvita.ua/y2025/r27/3924/1531814/
2025,3924,"Університет ""Київська школа економіки""",Програмна інженерія,Інженерія програмного забезпечення,,Факультет комп'ютерних наук,Інформаційні технології,Денна,Повна загальна середня освіта,Так,Так,3,142500,142500,13,57,23,32,158,14,34,1,11.29,2.26,184.63,167.34,170.55,170.16,186.67,170.42,164.00,181.78,https://vstup.osvita.ua/y2025/r27/3924/1479009/
2025,3924,"Університет ""Київська школа економіки""",Психологія,Психологія,,Факультет соціальних наук,"Соціальні науки, журналістика, інформація та міжнародні відносини",Денна,Повна загальна середня освіта,Так,Ні,3,110000,110000,7,60,35,22,117,8,24,3,14.62,2.72,182.09,153.70,156.66,157.03,185.13,157.77,156.00,172.89,https://vstup.osvita.ua/y2025/r27/3924/1531722/
2025,3924,"Університет ""Київська школа економіки""",Фізична математика,Математика,,Факультет математики,"Природничі науки, математика та статистика",Денна,Повна загальна середня освіта,Ні,Ні,2,87500,87500,,7,3,5,29,,10,3,,,,169.76,169.76,170.20,,167.25,,,https://vstup.osvita.ua/y2025/r27/3924/1565473/
2025,3924,"Університет ""Київська школа економіки""",Штучний інтелект,Комп'ютерні науки,,Факультет комп'ютерних наук,Інформаційні технології,Денна,Повна загальна середня освіта,Так,Ні,3,132500,132500,17,29,11,17,130,19,28,3,6.84,2.37,181.25,167.58,172.63,172.25,185.75,172.00,158.00,178.59,https://vstup.osvita.ua/y2025/r27/3924/1531841/
2022,5752,Американ Юніверсіті Київ,Інженерія програмного забезпечення,Інженерія програмного забезпечення,,,Інформаційні технології,Денна,Повна загальна середня освіта,Ні,Ні,4,234039,234039,,16,,,23,,40,27,,,,171.67,171.67,174.98,,169.98,,,https://vstup.osvita.ua/y2022/r27/5752/1071314/
2022,5752,Американ Юніверсіті Київ,Бізнес-адміністрування; Ґлобал менеджмент,Менеджмент,,,Управління та адміністрування,Денна,Повна загальна середня освіта,Ні,Ні,4,234039,234039,,45,,,54,,50,10,,,,164.98,164.98,166.20,,164.82,,,https://vstup.osvita.ua/y2022/r27/5752/1071313/
2023,5752,Американ Юніверсіті Київ,Інженерія програмного забезпечення,Інженерія програмного забезпечення,,Факультет цифрових технологій EPAM,Інформаційні технології,Денна,Повна загальна середня освіта,Ні,Ні,2,292548,292548,,10,,,14,,15,6,,,,161.73,161.73,165.50,,162.50,,,https://vstup.osvita.ua/y2023/r27/5752/1262341/
2023,5752,Американ Юніверсіті Київ,Аналітика даних,Системний аналіз,,Факультет цифрових технологій EPAM,Інформаційні технології,Денна,Повна загальна середня освіта,Ні,Ні,2,292548,292548,,14,,,18,,20,7,,,,175.38,175.38,176.36,,175.10,,,https://vstup.osvita.ua/y2023/r27/5752/1262342/
2023,5752,Американ Юніверсіті Київ,Бізнес-адміністрування,Менеджмент,,Факультет менеджменту,Управління та адміністрування,Денна,Повна загальна середня освіта,Ні,Ні,2,292548,292548,,31,,,36,,39,10,,,,158.92,158.92,160.54,,160.29,,,https://vstup.osvita.ua/y2023/r27/5752/1209372/
2023,5752,Американ Юніверсіті Київ,Маркетинг,Маркетинг,,Факультет менеджменту,Управління та адміністрування,Денна,Повна загальна середня освіта,Ні,Ні,2,292548,292548,,14,,,17,,20,9,,,,161.83,161.83,164.46,,162.96,,,https://vstup.osvita.ua/y2023/r27/5752/1254969/
2023,5752,Американ Юніверсіті Київ,Ґлобал менеджмент,Менеджмент,,Факультет менеджменту,Управління та адміністрування,Денна,Повна загальна середня освіта,Ні,Ні,4,292548,292548,,31,,,31,,35,12,,,,163.29,163.29,164.75,,165.04,,,https://vstup.osvita.ua/y2023/r27/5752/1183414/
2024,5752,Американ Юніверсіті Київ,Інженерія програмного забезпечення,Інженерія програмного забезпечення,,Факультет цифрових технологій EPAM,Інформаційні технології,Денна,Повна загальна середня освіта,Ні,Ні,1,321003,321003,,1,,,1,,1,,,,,149.92,149.92,149.92,,150.67,,,https://vstup.osvita.ua/y2024/r27/5752/1341422/
2024,5752,Американ Юніверсіті Київ,Інженерія програмного забезпечення та штучний інтелект,Інженерія програмного забезпечення,,Факультет цифрових технологій EPAM,Інформаційні технології,Денна,Повна загальна середня освіта,Ні,Ні,3,321003,321003,,13,,,23,,18,6,,,,176.43,176.43,173.63,,173.89,,,https://vstup.osvita.ua/y2024/r27/5752/1384248/
2024,5752,Американ Юніверсіті Київ,Аналітика даних,Системний аналіз,,Факультет цифрових технологій EPAM,Інформаційні технології,Денна,Повна загальна середня освіта,Ні,Ні,3,321003,321003,,13,,,15,,13,1,,,,175.43,175.43,175.09,,174.65,,,https://vstup.osvita.ua/y2024/r27/5752/1384249/
2024,5752,Американ Юніверсіті Київ,Бізнес-адміністрування,Менеджмент,,Факультет менеджменту,Управління та адміністрування,Денна,Повна загальна середня освіта,Ні,Ні,4,321003,321003,,38,,,50,,42,10,,,,161.18,161.18,160.28,,161.62,,,https://vstup.osvita.ua/y2024/r27/5752/1341421/
2024,5752,Американ Юніверсіті Київ,Глобальні фінанси,"Фінанси, банківська справа, страхування та фондовий ринок",,Факультет менеджменту,Управління та адміністрування,Денна,Повна загальна середня освіта,Ні,Ні,5,321003,321003,,11,,,15,,14,5,,,,162.62,162.62,166.57,,162.06,,,https://vstup.osvita.ua/y2024/r27/5752/1416842/
2024,5752,Американ Юніверсіті Київ,Маркетинг,Маркетинг,,Факультет менеджменту,Управління та адміністрування,Денна,Повна загальна середня освіта,Ні,Ні,3,321003,321003,,11,,,24,,19,9,,,,150.16,150.16,152.22,,151.16,,,https://vstup.osvita.ua/y2024/r27/5752/1378025/
2024,5752,Американ Юніверсіті Київ,Ґлобал менеджмент,Менеджмент,,Факультет менеджменту,Управління та адміністрування,Денна,Повна загальна середня освіта,Ні,Ні,4,321003,321003,,27,,,36,,31,6,,,,158.17,158.17,158.11,,159.06,,,https://vstup.osvita.ua/y2024/r27/5752/1341090/
2025,5752,Американ Юніверсіті Київ,Інженерія програмного забезпечення та штучний інтелект,Інженерія програмного забезпечення,,Факультет цифрових технологій EPAM,Інформаційні технології,Денна,Повна загальна середня освіта,Ні,Ні,3,332756,332756,,20,,,33,,19,,,,,162.46,162.46,164.11,,166.47,,,https://vstup.osvita.ua/y2025/r27/5752/1514168/
2025,5752,Американ Юніверсіті Київ,Аналітика даних та штучний інтелект,Системний аналіз та наука про дані,,Факультет цифрових технологій EPAM,Інформаційні технології,Денна,Повна загальна середня освіта,Ні,Ні,3,332756,332756,,5,,,18,,6,1,,,,154.68,154.68,164.09,,160.95,,,https://vstup.osvita.ua/y2025/r27/5752/1514169/
2025,5752,Американ Юніверсіті Київ,Бізнес-адміністрування,Менеджмент,,Факультет менеджменту,"Бізнес, адміністрування та право",Денна,Повна загальна середня освіта,Ні,Ні,5,332756,332756,,37,,,55,,32,,,,,152.65,152.65,156.59,,158.27,,,https://vstup.osvita.ua/y2025/r27/5752/1480888/
2025,5752,Американ Юніверсіті Київ,Глобальні фінанси,"Фінанси, банківська справа, страхування та фондовий ринок",,Факультет менеджменту,"Бізнес, адміністрування та право",Денна,Повна загальна середня освіта,Ні,Ні,4,332756,332756,,23,,,28,,21,,,,,155.25,155.25,157.86,,161.14,,,https://vstup.osvita.ua/y2025/r27/5752/1531184/
2025,5752,Американ Юніверсіті Київ,Маркетинг,Маркетинг,,Факультет менеджменту,"Бізнес, адміністрування та право",Денна,Повна загальна середня освіта,Ні,Ні,4,332756,332756,,28,,,51,,28,3,,,,154.00,154.00,155.44,,158.76,,,https://vstup.osvita.ua/y2025/r27/5752/1510420/
2025,5752,Американ Юніверсіті Київ,Проєктування цифрового досвіду та штучний інтелект,Інженерія програмного забезпечення,,Факультет цифрових технологій EPAM,Інформаційні технології,Денна,Повна загальна середня освіта,Ні,Ні,3,332756,332756,,13,,,15,,12,,,,,154.41,154.41,156.57,,158.28,,,https://vstup.osvita.ua/y2025/r27/5752/1480889/
2025,5752,Американ Юніверсіті Київ,Психологія,Психологія,,Факультет менеджменту,"Соціальні науки, журналістика, інформація та міжнародні відносини",Денна,Повна загальна середня освіта,Ні,Ні,3,249567,249567,,7,,,13,,5,,,,,166.85,166.85,159.32,,169.44,,,https://vstup.osvita.ua/y2025/r27/5752/1564309/
2025,5752,Американ Юніверсіті Київ,Ґлобал менеджмент,Менеджмент,,Факультет менеджменту,"Бізнес, адміністрування та право",Денна,Повна загальна середня освіта,Ні,Ні,4,332756,332756,,49,,,74,,42,2,,,,152.99,152.99,154.11,,159.12,,,https://vstup.osvita.ua/y2025/r27/5752/1480575/
2022,79,"Національний університет ""Києво-Могилянська академія""",Інженерія програмного забезпечення,Інженерія програмного забезпечення,,Факультет інформатики,Інформаційні технології,Денна,Повна загальна середня освіта,Так,Так,1,55000,55000,57,9,,,722,61,66,,11.84,2.60,197.73,175.94,194.76,177.31,197.05,174.26,173.00,192.00,https://vstup.osvita.ua/y2022/r27/79/978989/
2022,79,"Національний університет ""Києво-Могилянська академія""",Історія,Історія та археологія,,Факультет гуманітарних наук,Гуманітарні науки,Денна,Повна загальна середня освіта,Так,Так,2,36000,36000,26,11,,,157,29,36,,5.41,2.72,187.53,164.48,181.12,175.55,184.46,163.07,146.00,180.50,https://vstup.osvita.ua/y2022/r27/79/981496/
2022,79,"Національний університет ""Києво-Могилянська академія""",Англійська мова та українська мова,Філологія,"германські мови та літератури (переклад включно), перша - англійська",Факультет гуманітарних наук,Гуманітарні науки,Денна,Повна загальна середня освіта,Так,Так,2,50000,50000,15,38,,,360,16,61,8,22.50,2.74,193.21,167.64,174.87,170.73,192.82,166.47,154.00,169.00,https://vstup.osvita.ua/y2022/r27/79/967530/
2022,79,"Національний університет ""Києво-Могилянська академія""",Біологія та біотехнологія,Біологія,,Факультет природничих наук,Біологія,Денна,Повна загальна середня освіта,Так,Так,4,30000,30000,34,2,,,111,39,39,4,2.85,2.57,172.21,164.05,171.98,171.73,172.35,165.00,131.00,147.80,https://vstup.osvita.ua/y2022/r27/79/976626/
2022,79,"Національний університет ""Києво-Могилянська академія""",Екологія,Екологія,,Факультет природничих наук,Природничі науки,Денна,Повна загальна середня освіта,Так,Так,4,27000,27000,17,6,,,77,21,32,9,3.67,2.78,173.35,138.83,164.35,160.68,173.45,138.83,144.00,156.70,https://vstup.osvita.ua/y2022/r27/79/1001192/
2022,79,"Національний університет ""Києво-Могилянська академія""",Економіка,Економіка,,Факультет економічних наук,Соціальні та поведінкові науки,Денна,Повна загальна середня освіта,Так,Так,2,42900,42900,24,22,,,354,27,63,17,13.11,2.77,192.09,169.62,181.34,176.37,191.81,169.36,148.00,161.25,https://vstup.osvita.ua/y2022/r27/79/976627/
2022,79,"Національний університет ""Києво-Могилянська академія""",Зв`язки з громадськістю,Журналістика,,Факультет соціальних наук і соціальних технологій,Журналістика,Денна,Повна загальна середня освіта,Так,Ні,2,43000,43000,5,46,,,360,6,53,2,60.00,2.76,194.59,171.28,173.56,169.96,194.60,170.48,190.00,195.50,https://vstup.osvita.ua/y2022/r27/79/1012994/
2022,79,"Національний університет ""Києво-Могилянська академія""",Комп'ютерні науки,Комп'ютерні науки,,Факультет інформатики,Інформаційні технології,Денна,Повна загальна середня освіта,Так,Так,1,55000,55000,46,6,,,537,48,53,1,11.19,2.60,194.05,179.35,192.35,179.32,193.21,175.22,153.00,183.00,https://vstup.osvita.ua/y2022/r27/79/1000077/
2022,79,"Національний університет ""Києво-Могилянська академія""",Комп`ютерна фізика,Фізика та астрономія,,Факультет природничих наук,Природничі науки,Денна,Повна загальна середня освіта,Так,Ні,3,23100,23100,11,2,,,33,11,13,1,3.00,2.77,167.29,161.10,166.77,170.95,164.39,160.33,130.00,151.98,https://vstup.osvita.ua/y2022/r27/79/1069806/
2022,79,"Національний університет ""Києво-Могилянська академія""",Культурологія,Культурологія,,Факультет гуманітарних наук,Гуманітарні науки,Денна,Повна загальна середня освіта,Так,Так,4,36000,36000,13,21,,,114,18,35,3,6.33,2.37,186.49,168.17,175.61,173.21,188.36,167.68,162.00,153.75,https://vstup.osvita.ua/y2022/r27/79/981495/
2022,79,"Національний університет ""Києво-Могилянська академія""",Маркетинг,Маркетинг,,Факультет економічних наук,Управління та адміністрування,Денна,Повна загальна середня освіта,Так,Так,1,45000,45000,30,13,,,425,30,41,,14.17,2.50,195.92,175.34,189.70,171.62,195.78,175.51,153.00,174.65,https://vstup.osvita.ua/y2022/r27/79/999681/
2022,79,"Національний університет ""Києво-Могилянська академія""",Менеджмент,Менеджмент,,Факультет економічних наук,Управління та адміністрування,Денна,Повна загальна середня освіта,Так,Так,1,45000,45000,15,27,,,379,17,43,1,22.29,2.71,192.98,169.64,177.98,168.77,192.60,169.58,170.00,176.65,https://vstup.osvita.ua/y2022/r27/79/999665/
2022,79,"Національний університет ""Києво-Могилянська академія""","Мова, література, компаративістика",Філологія,українська мова та література,Факультет гуманітарних наук,Гуманітарні науки,Денна,Повна загальна середня освіта,Так,Так,2,36000,36000,49,4,,,180,53,53,,3.40,2.45,186.81,171.71,185.67,179.07,184.82,168.54,146.00,168.25,https://vstup.osvita.ua/y2022/r27/79/965668/
2022,79,"Національний університет ""Києво-Могилянська академія""","Міжнародні відносини, суспільні комунікації та регіональні студії","Міжнародні відносини, суспільні комунікації та регіональні студії",,Факультет соціальних наук і соціальних технологій,Міжнародні відносини,Денна,Повна загальна середня освіта,Так,Так,2,62000,62000,14,34,,,482,14,50,2,34.43,2.58,194.79,177.84,182.78,175.59,194.81,177.36,186.00,195.80,https://vstup.osvita.ua/y2022/r27/79/999764/
2022,79,"Національний університет ""Києво-Могилянська академія""",Політологія,Політологія,,Факультет соціальних наук і соціальних технологій,Соціальні та поведінкові науки,Денна,Повна загальна середня освіта,Так,Так,2,37000,37000,9,30,,,234,26,45,6,9.00,2.47,189.33,171.19,175.38,174.53,189.48,171.92,146.00,166.65,https://vstup.osvita.ua/y2022/r27/79/999247/
2022,79,"Національний університет ""Києво-Могилянська академія""",Право,Право,,Факультет правничих наук,Право,Денна,Повна загальна середня освіта,Так,Так,2,61000,61000,50,59,,,941,71,113,4,13.25,2.46,193.84,173.54,182.85,173.32,193.63,172.33,172.00,187.40,https://vstup.osvita.ua/y2022/r27/79/973810/
2022,79,"Національний університет ""Києво-Могилянська академія""",Прикладна математика,Прикладна математика,,Факультет інформатики,Математика та статистика,Денна,Повна загальна середня освіта,Так,Так,3,44000,44000,35,6,,,168,39,39,2,4.31,2.60,191.31,169.27,189.57,187.09,190.09,167.34,135.00,149.90,https://vstup.osvita.ua/y2022/r27/79/997720/
2022,79,"Національний університет ""Києво-Могилянська академія""",Психологія,Психологія,,Факультет соціальних наук і соціальних технологій,Соціальні та поведінкові науки,Денна,Повна загальна середня освіта,Так,Так,1,37500,37500,13,18,,,550,19,33,2,28.95,2.44,189.29,178.57,183.07,165.17,189.10,177.54,173.00,179.10,https://vstup.osvita.ua/y2022/r27/79/997869/
2022,79,"Національний університет ""Києво-Могилянська академія""",Соціальна робота,Соціальна робота,,Факультет соціальних наук і соціальних технологій,Соціальна робота,Денна,Повна загальна середня освіта,Так,Так,4,26000,26000,23,9,,,99,31,38,10,3.19,2.41,169.93,146.89,165.81,161.99,170.14,147.47,125.00,140.60,https://vstup.osvita.ua/y2022/r27/79/978775/
2022,79,"Національний університет ""Києво-Могилянська академія""",Соціологія,Соціологія,,Факультет соціальних наук і соціальних технологій,Соціальні та поведінкові науки,Денна,Повна загальна середня освіта,Так,Так,2,36000,36000,17,23,,,231,49,52,12,4.71,2.58,187.13,170.82,177.75,174.94,190.47,170.70,163.00,147.20,https://vstup.osvita.ua/y2022/r27/79/1000563/
2022,79,"Національний університет ""Києво-Могилянська академія""",Суспільне і приватне врядування,Публічне управління та адміністрування,,Факультет правничих наук,Публічне управління та адміністрування,Денна,Повна загальна середня освіта,Так,Ні,2,37000,37000,5,10,,,92,5,15,,18.40,2.39,189.86,174.85,179.85,167.60,190.40,175.17,176.00,186.80,https://vstup.osvita.ua/y2022/r27/79/1031937/
2022,79,"Національний університет ""Києво-Могилянська академія""",Фізика,Фізика та астрономія,,Факультет природничих наук,Природничі науки,Денна,Повна загальна середня освіта,Так,Так,4,23100,23100,3,,,,15,6,6,3,2.50,2.83,156.23,,156.23,170.76,154.33,,125.00,137.60,https://vstup.osvita.ua/y2022/r27/79/973915/
2022,79,"Національний університет ""Києво-Могилянська академія""",Фізика біологічних систем,Фізика та астрономія,,Факультет природничих наук,Природничі науки,Денна,Повна загальна середня освіта,Так,Так,3,23100,23100,2,,,,10,6,6,4,1.67,3.25,168.47,,168.47,175.36,165.50,,153.00,156.60,https://vstup.osvita.ua/y2022/r27/79/1069810/
2022,79,"Національний університет ""Києво-Могилянська академія""",Філософія,Філософія,,Факультет гуманітарних наук,Гуманітарні науки,Денна,Повна загальна середня освіта,Так,Так,5,36000,36000,22,21,,,132,25,42,4,5.28,2.51,183.65,157.31,172.56,170.16,183.02,156.63,151.00,168.15,https://vstup.osvita.ua/y2022/r27/79/1002290/
2022,79,"Національний університет ""Києво-Могилянська академія""","Фінанси, банківська справа та страхування","Фінанси, банківська справа та страхування",,Факультет економічних наук,Управління та адміністрування,Денна,Повна загальна середня освіта,Так,Так,2,39000,39000,28,27,,,242,48,64,9,5.04,2.42,188.00,173.92,181.09,175.34,187.67,173.81,154.00,167.60,https://vstup.osvita.ua/y2022/r27/79/999666/
2022,79,"Національний університет ""Києво-Могилянська академія""",Хімія,Хімія,,Факультет природничих наук,Природничі науки,Денна,Повна загальна середня освіта,Так,Так,4,23100,23100,7,2,,,71,28,28,19,2.54,2.97,172.49,166.48,171.15,172.53,168.05,164.83,128.00,136.83,https://vstup.osvita.ua/y2022/r27/79/976625/
2023,79,"Національний університет ""Києво-Могилянська академія""",Інженерія програмного забезпечення,Інженерія програмного забезпечення,,Факультет інформатики,Інформаційні технології,Денна,Повна загальна середня освіта,Так,Так,2,100000,100000,44,19,,,590,50,64,1,11.80,2.37,192.25,163.42,183.56,178.48,191.45,164.25,171.00,190.00,https://vstup.osvita.ua/y2023/r27/79/1202209/
2023,79,"Національний університет ""Києво-Могилянська академія""",Історія,Історія та археологія,,Факультет гуманітарних наук,Гуманітарні науки,Денна,Повна загальна середня освіта,Так,Так,2,47000,47000,25,18,,,192,30,43,,6.40,2.21,183.91,157.56,172.88,173.50,181.09,155.13,145.00,179.50,https://vstup.osvita.ua/y2023/r27/79/1203865/
2023,79,"Національний університет ""Києво-Могилянська академія""",Аналіз вразливостей інформаційних систем,Кібербезпека та захист інформації,,Факультет інформатики,Інформаційні технології,Денна,Повна загальна середня освіта,Ні,Ні,2,70000,70000,,23,,,157,,22,,,,,159.69,159.69,165.11,,160.45,,,https://vstup.osvita.ua/y2023/r27/79/1258873/
2023,79,"Національний університет ""Києво-Могилянська академія""",Англійська мова та українська мова,Філологія,"германські мови та літератури (переклад включно), перша - англійська",Факультет гуманітарних наук,Гуманітарні науки,Денна,Повна загальна середня освіта,Так,Так,1,63000,63000,14,55,,,482,17,72,3,28.35,2.62,186.70,160.58,165.88,168.73,186.21,159.25,163.00,188.09,https://vstup.osvita.ua/y2023/r27/79/1231318/
2023,79,"Національний університет ""Києво-Могилянська академія""",Біологія та біотехнологія,Біологія та біохімія,,Факультет природничих наук,Біологія,Денна,Повна загальна середня освіта,Так,Ні,2,40000,40000,23,3,,,120,39,39,13,3.08,2.65,167.04,150.57,165.14,167.84,166.91,150.22,126.00,149.05,https://vstup.osvita.ua/y2023/r27/79/1212097/
2023,79,"Національний університет ""Києво-Могилянська академія""",Екологія,Екологія,,Факультет природничих наук,Природничі науки,Денна,Повна загальна середня освіта,Так,Так,2,40000,40000,18,1,,,66,23,23,4,2.87,2.82,157.00,154.95,156.89,158.55,157.37,155.33,131.00,140.20,https://vstup.osvita.ua/y2023/r27/79/1192384/
2023,79,"Національний університет ""Києво-Могилянська академія""",Економіка,Економіка,,Факультет економічних наук,Соціальні та поведінкові науки,Денна,Повна загальна середня освіта,Так,Так,2,55000,55000,24,22,,,369,28,45,3,13.18,2.55,188.13,153.17,171.41,177.30,187.69,154.05,163.00,184.40,https://vstup.osvita.ua/y2023/r27/79/1212098/
2023,79,"Національний університет ""Києво-Могилянська академія""",Зв`язки з громадськістю,Журналістика,,Факультет соціальних наук і соціальних технологій,Журналістика,Денна,Повна загальна середня освіта,Так,Ні,1,60000,60000,6,58,,,397,6,65,1,66.17,2.14,181.43,161.97,163.80,164.11,181.33,160.55,186.00,193.50,https://vstup.osvita.ua/y2023/r27/79/1125120/
2023,79,"Національний університет ""Києво-Могилянська академія""",Комп'ютерні науки,Комп'ютерні науки,,Факультет інформатики,Інформаційні технології,Денна,Повна загальна середня освіта,Так,Так,2,95000,95000,31,19,,,466,40,52,2,11.65,2.30,189.88,161.54,179.11,177.54,188.96,162.09,167.00,188.20,https://vstup.osvita.ua/y2023/r27/79/1191550/
2023,79,"Національний університет ""Києво-Могилянська академія""",Комп`ютерна фізика,Фізика та астрономія,,Факультет природничих наук,Природничі науки,Денна,Повна загальна середня освіта,Так,Ні,4,35000,35000,10,1,,,36,23,24,13,1.57,2.75,161.43,158.80,161.19,167.54,158.03,164.00,126.00,140.10,https://vstup.osvita.ua/y2023/r27/79/1208256/
2023,79,"Національний університет ""Києво-Могилянська академія""",Культурологія,Культурологія,,Факультет гуманітарних наук,Гуманітарні науки,Денна,Повна загальна середня освіта,Так,Так,2,47000,47000,12,18,,,141,20,30,,7.05,2.45,183.40,160.08,169.41,171.79,180.47,158.59,153.00,175.25,https://vstup.osvita.ua/y2023/r27/79/1203864/
2023,79,"Національний університет ""Києво-Могилянська академія""",Маркетинг,Маркетинг,,Факультет економічних наук,Управління та адміністрування,Денна,Повна загальна середня освіта,Так,Так,1,65000,65000,23,35,,,511,25,60,2,20.44,2.27,186.32,164.55,173.18,161.87,186.04,165.17,175.00,185.80,https://vstup.osvita.ua/y2023/r27/79/1191274/
2023,79,"Національний університет ""Києво-Могилянська академія""",Менеджмент,Менеджмент,,Факультет економічних наук,Управління та адміністрування,Денна,Повна загальна середня освіта,Так,Так,1,65000,65000,16,42,,,444,18,60,2,24.67,2.26,186.69,161.55,168.49,163.64,186.94,162.20,167.00,185.45,https://vstup.osvita.ua/y2023/r27/79/1191259/
2023,79,"Національний університет ""Києво-Могилянська академія""","Мова, література, компаративістика",Філологія,українська мова та література,Факультет гуманітарних наук,Гуманітарні науки,Денна,Повна загальна середня освіта,Так,Так,1,47000,47000,43,11,,,189,45,55,1,4.20,2.03,182.88,167.39,179.72,175.42,180.40,163.85,143.00,177.50,https://vstup.osvita.ua/y2023/r27/79/1228421/
2023,79,"Національний університет ""Києво-Могилянська академія""","Міжнародні відносини, суспільні комунікації та регіональні студії","Міжнародні відносини, суспільні комунікації та регіональні студії",,Факультет соціальних наук і соціальних технологій,Міжнародні відносини,Денна,Повна загальна середня освіта,Так,Так,1,85000,85000,14,53,,,616,15,67,,41.07,2.30,191.90,166.57,171.86,167.35,192.17,165.25,181.00,193.60,https://vstup.osvita.ua/y2023/r27/79/1191335/
2023,79,"Національний університет ""Києво-Могилянська академія""",Політологія,Політологія,,Факультет соціальних наук і соціальних технологій,Соціальні та поведінкові науки,Денна,Повна загальна середня освіта,Так,Так,2,50000,50000,13,33,,,222,23,47,2,9.65,2.09,180.95,159.28,165.39,172.37,183.14,160.96,156.00,181.25,https://vstup.osvita.ua/y2023/r27/79/1190807/
2023,79,"Національний університет ""Києво-Могилянська академія""",Право,Право,,Факультет правничих наук,Право,Денна,Повна загальна середня освіта,Так,Так,1,85000,85000,61,46,,,974,71,108,1,13.72,2.34,187.35,166.30,178.30,160.95,186.33,165.11,147.00,181.45,https://vstup.osvita.ua/y2023/r27/79/1195730/
2023,79,"Національний університет ""Києво-Могилянська академія""",Прикладна математика,Прикладна математика,,Факультет інформатики,Математика та статистика,Денна,Повна загальна середня освіта,Так,Так,2,60000,60000,30,4,,,160,35,35,1,4.57,2.69,185.76,170.13,183.92,180.28,185.64,168.67,155.00,179.36,https://vstup.osvita.ua/y2023/r27/79/1198731/
2023,79,"Національний університет ""Києво-Могилянська академія""",Психологія,Психологія,,Факультет соціальних наук і соціальних технологій,Соціальні та поведінкові науки,Денна,Повна загальна середня освіта,Так,Так,1,55000,55000,13,41,,,651,15,55,1,43.40,2.34,191.49,166.86,172.79,153.82,190.87,167.15,187.00,193.05,https://vstup.osvita.ua/y2023/r27/79/1198836/
2023,79,"Національний університет ""Києво-Могилянська академія""",Соціальна робота,Соціальна робота,,Факультет соціальних наук і соціальних технологій,Соціальна робота,Денна,Повна загальна середня освіта,Так,Так,2,45000,45000,23,8,,,113,29,32,2,3.90,2.52,168.41,144.94,162.35,166.69,169.41,145.79,134.00,161.30,https://vstup.osvita.ua/y2023/r27/79/1202048/
2023,79,"Національний університет ""Києво-Могилянська академія""",Соціологія,Соціологія,,Факультет соціальних наук і соціальних технологій,Соціальні та поведінкові науки,Денна,Повна загальна середня освіта,Так,Так,2,50000,50000,26,25,,,233,40,51,2,5.83,2.24,180.89,155.38,168.38,170.53,181.00,156.31,163.00,175.90,https://vstup.osvita.ua/y2023/r27/79/1191983/
2023,79,"Національний університет ""Києво-Могилянська академія""",Філософія,Філософія,,Факультет гуманітарних наук,Гуманітарні науки,Денна,Повна загальна середня освіта,Так,Так,2,47000,47000,27,13,,,126,28,39,,4.50,2.62,174.45,153.41,167.62,172.26,172.63,151.13,137.00,165.05,https://vstup.osvita.ua/y2023/r27/79/1192905/
2023,79,"Національний університет ""Києво-Могилянська академія""","Фінанси, банківська справа та страхування","Фінанси, банківська справа, страхування та фондовий ринок",,Факультет економічних наук,Управління та адміністрування,Денна,Повна загальна середня освіта,Так,Ні,1,60000,60000,39,24,,,274,45,65,2,6.09,1.99,183.67,156.89,173.47,174.78,183.48,157.00,155.00,180.68,https://vstup.osvita.ua/y2023/r27/79/1191260/
2023,79,"Національний університет ""Києво-Могилянська академія""",Хімія,Хімія,,Факультет природничих наук,Природничі науки,Денна,Повна загальна середня освіта,Так,Так,4,35000,35000,11,,,,71,25,25,14,2.84,2.67,164.42,,164.42,161.20,161.88,,137.00,151.63,https://vstup.osvita.ua/y2023/r27/79/1212096/
2024,79,"Національний університет ""Києво-Могилянська академія""",Інженерія програмного забезпечення,Інженерія програмного забезпечення,,Факультет інформатики,Інформаційні технології,Денна,Повна загальна середня освіта,Так,Так,2,100000,100000,47,24,,,541,55,75,6,9.84,2.20,189.81,164.85,181.37,169.72,189.31,165.29,169.00,188.77,https://vstup.osvita.ua/y2024/r27/79/1340074/
2024,79,"Національний університет ""Києво-Могилянська академія""",Історія,Історія та археологія,,Факультет гуманітарних наук,Гуманітарні науки,Денна,Повна загальна середня освіта,Так,Так,2,49400,49400,27,10,,,174,33,50,13,5.27,2.56,175.96,157.91,171.08,169.62,174.21,154.22,126.00,164.83,https://vstup.osvita.ua/y2024/r27/79/1339574/
2024,79,"Національний університет ""Києво-Могилянська академія""","Автоматизація, комп'ютерно-інтегровані технології та робототехніка","Автоматизація, комп’ютерно-інтегровані технології та робототехніка",,Факультет інформатики,"Електроніка, автоматизація та електронні комунікації",Денна,Повна загальна середня освіта,Ні,Ні,2,70000,70000,,15,,,55,,30,16,,,,160.05,160.05,160.61,,160.99,,,https://vstup.osvita.ua/y2024/r27/79/1420968/
2024,79,"Національний університет ""Києво-Могилянська академія""",Аналіз вразливостей інформаційних систем,Кібербезпека та захист інформації,,Факультет інформатики,Інформаційні технології,Денна,Повна загальна середня освіта,Так,Ні,1,70000,70000,4,32,,,259,5,36,,51.80,2.73,177.92,160.04,162.03,155.38,177.94,160.45,173.00,189.54,https://vstup.osvita.ua/y2024/r27/79/1378844/
2024,79,"Національний університет ""Києво-Могилянська академія""",Англійська мова та українська мова,Філологія,"германські мови та літератури (переклад включно), перша - англійська",Факультет гуманітарних наук,Гуманітарні науки,Денна,Повна загальна середня освіта,Так,Так,1,66200,66200,18,70,,,586,19,94,6,30.84,2.43,185.73,163.38,167.95,167.95,185.15,162.23,155.00,183.55,https://vstup.osvita.ua/y2024/r27/79/1362583/
2024,79,"Національний університет ""Києво-Могилянська академія""",Біологія та біотехнологія,Біологія та біохімія,,Факультет природничих наук,Біологія,Денна,Повна загальна середня освіта,Так,Ні,2,42000,42000,13,2,,,101,39,50,35,2.59,2.56,155.08,161.09,155.88,161.49,154.08,160.83,107.00,143.30,https://vstup.osvita.ua/y2024/r27/79/1347693/
2024,79,"Національний університет ""Києво-Могилянська академія""",Громадське здоров'я,Громадське здоров`я,,"Факультет охорони здоров`я, соціальної роботи і психології",Охорона здоров’я,Денна,Повна загальна середня освіта,Так,Ні,2,42000,42000,4,7,,,33,5,25,17,6.60,3.93,157.10,138.60,145.32,152.66,156.13,139.86,125.00,154.08,https://vstup.osvita.ua/y2024/r27/79/1421009/
2024,79,"Національний університет ""Києво-Могилянська академія""",Екологія,Екологія,,Факультет природничих наук,Природничі науки,Денна,Повна загальна середня освіта,Так,Так,2,42000,42000,14,2,,,81,23,25,9,3.52,2.73,159.50,141.71,157.28,157.66,159.74,142.17,134.00,147.71,https://vstup.osvita.ua/y2024/r27/79/1332660/
2024,79,"Національний університет ""Києво-Могилянська академія""",Економіка,Економіка,,Факультет економічних наук,Соціальні та поведінкові науки,Денна,Повна загальна середня освіта,Так,Так,1,64000,64000,26,37,,,453,31,65,2,14.61,2.24,183.05,163.79,171.74,170.05,182.82,163.09,166.00,182.96,https://vstup.osvita.ua/y2024/r27/79/1347694/
2024,79,"Національний університет ""Києво-Могилянська академія""",Зв`язки з громадськістю,Журналістика,,Факультет соціальних наук і соціальних технологій,Журналістика,Денна,Повна загальна середня освіта,Так,Ні,1,63100,63100,7,67,,,471,7,75,1,67.29,2.38,190.88,164.08,166.62,159.45,189.74,163.09,170.00,189.45,https://vstup.osvita.ua/y2024/r27/79/1298437/
2024,79,"Національний університет ""Києво-Могилянська академія""",Комп'ютерні науки,Комп'ютерні науки,,Факультет інформатики,Інформаційні технології,Денна,Повна загальна середня освіта,Так,Так,1,95000,95000,38,21,,,470,44,65,6,10.68,2.33,185.45,164.33,177.93,174.00,184.86,164.23,149.00,183.69,https://vstup.osvita.ua/y2024/r27/79/1328650/
2024,79,"Національний університет ""Києво-Могилянська академія""",Комп`ютерна фізика,Фізика та астрономія,,Факультет природничих наук,Природничі науки,Денна,Повна загальна середня освіта,Так,Ні,2,40000,40000,9,1,,,39,21,25,15,1.86,2.96,163.81,156.20,163.05,162.61,159.65,153.25,140.00,153.85,https://vstup.osvita.ua/y2024/r27/79/1353159/
2024,79,"Національний університет ""Києво-Могилянська академія""",Культурологія,Культурологія,,Факультет гуманітарних наук,Гуманітарні науки,Денна,Повна загальна середня освіта,Так,Так,2,49400,49400,19,15,,,123,22,50,17,5.59,2.07,181.46,161.01,172.44,174.13,178.32,159.42,137.00,175.33,https://vstup.osvita.ua/y2024/r27/79/1339573/
2024,79,"Національний університет ""Києво-Могилянська академія""",Маркетинг,Маркетинг,,Факультет економічних наук,Управління та адміністрування,Денна,Повна загальна середня освіта,Так,Так,1,68000,68000,26,54,,,602,28,82,2,21.50,2.33,184.50,166.53,172.37,156.22,184.60,166.87,169.00,182.68,https://vstup.osvita.ua/y2024/r27/79/1327192/
2024,79,"Національний університет ""Києво-Могилянська академія""",Менеджмент,Менеджмент,,Факультет економічних наук,Управління та адміністрування,Денна,Повна загальна середня освіта,Так,Так,1,68000,68000,13,62,,,528,20,75,,26.40,2.04,184.88,162.53,166.40,157.32,184.83,162.68,167.00,182.68,https://vstup.osvita.ua/y2024/r27/79/1327070/
2024,79,"Національний університет ""Києво-Могилянська академія""","Мова, література, компаративістика",Філологія,українська мова та література,Факультет гуманітарних наук,Гуманітарні науки,Денна,Повна загальна середня освіта,Так,Так,2,49400,49400,49,12,,,177,50,65,4,3.54,2.18,181.07,159.83,176.89,175.62,178.34,156.25,131.00,170.80,https://vstup.osvita.ua/y2024/r27/79/1355798/
2024,79,"Національний університет ""Києво-Могилянська академія""","Міжнародні відносини, суспільні комунікації та регіональні студії","Міжнародні відносини, суспільні комунікації та регіональні студії",,Факультет соціальних наук і соціальних технологій,Міжнародні відносини,Денна,Повна загальна середня освіта,Так,Так,1,87000,87000,15,53,,,694,17,75,7,40.82,2.28,191.80,170.60,175.28,169.95,190.72,169.36,176.00,191.20,https://vstup.osvita.ua/y2024/r27/79/1327535/
2024,79,"Національний університет ""Києво-Могилянська академія""",Політичне лідерство та економічна дипломатія,Міжнародні економічні відносини,,Києво-Могилянська школа професійної та неперервної освіти,Міжнародні відносини,Денна,Повна загальна середня освіта,Ні,Ні,2,110000,110000,,47,,,154,,50,7,,,,164.09,164.09,163.66,,163.80,,,https://vstup.osvita.ua/y2024/r27/79/1422332/
2024,79,"Національний університет ""Києво-Могилянська академія""",Політологія,Політологія,,Факультет соціальних наук і соціальних технологій,Соціальні та поведінкові науки,Денна,Повна загальна середня освіта,Так,Так,1,52600,52600,6,66,,,280,23,75,3,12.17,2.09,181.86,154.96,157.20,159.93,182.35,156.45,173.00,186.24,https://vstup.osvita.ua/y2024/r27/79/1333046/
2024,79,"Національний університет ""Києво-Могилянська академія""",Право,Право,,Факультет правничих наук,Право,Денна,Повна загальна середня освіта,Так,Так,1,89300,89300,32,98,,,915,75,150,20,12.20,2.25,182.77,165.19,169.52,172.33,181.54,164.15,155.00,186.00,https://vstup.osvita.ua/y2024/r27/79/1333896/
2024,79,"Національний університет ""Києво-Могилянська академія""",Прикладна математика,Прикладна математика,,Факультет інформатики,Математика та статистика,Денна,Повна загальна середня освіта,Так,Так,2,60000,60000,31,3,,,155,39,50,16,3.97,2.22,181.30,165.39,179.90,179.81,180.46,163.47,147.00,176.69,https://vstup.osvita.ua/y2024/r27/79/1333138/
2024,79,"Національний університет ""Києво-Могилянська академія""",Психологія,Психологія,,"Факультет охорони здоров`я, соціальної роботи і психології",Соціальні та поведінкові науки,Денна,Повна загальна середня освіта,Так,Так,1,57800,57800,14,47,,,753,17,61,,44.29,2.60,183.08,164.68,168.90,148.72,183.41,165.16,167.00,182.95,https://vstup.osvita.ua/y2024/r27/79/1333553/
2024,79,"Національний університет ""Києво-Могилянська академія""",Соціальна робота,Соціальна робота,,"Факультет охорони здоров`я, соціальної роботи і психології",Соціальна робота,Денна,Повна загальна середня освіта,Так,Так,2,47300,47300,23,5,,,103,32,47,19,3.22,2.36,165.44,137.29,160.41,158.35,166.23,138.45,131.00,158.20,https://vstup.osvita.ua/y2024/r27/79/1339279/
2024,79,"Національний університет ""Києво-Могилянська академія""",Соціологія,Соціологія,,Факультет соціальних наук і соціальних технологій,Соціальні та поведінкові науки,Денна,Повна загальна середня освіта,Так,Так,1,52600,52600,37,22,,,216,42,60,1,5.14,2.30,174.22,156.25,167.52,169.78,174.61,157.20,149.00,171.96,https://vstup.osvita.ua/y2024/r27/79/1330871/
2024,79,"Національний університет ""Києво-Могилянська академія""",Суспільне і приватне врядування,Публічне управління та адміністрування,,Факультет правничих наук,Публічне управління та адміністрування,Денна,Повна загальна середня освіта,Ні,Ні,2,50000,50000,,10,,,63,,20,11,,,,161.58,161.58,160.88,,162.00,,,https://vstup.osvita.ua/y2024/r27/79/1421020/
2024,79,"Національний університет ""Києво-Могилянська академія""",Філософія,Філософія,,Факультет гуманітарних наук,Гуманітарні науки,Денна,Повна загальна середня освіта,Так,Так,2,49400,49400,20,20,,,135,29,55,16,4.66,2.63,170.85,150.19,160.52,162.97,169.38,149.24,137.00,164.86,https://vstup.osvita.ua/y2024/r27/79/1335476/
2024,79,"Національний університет ""Києво-Могилянська академія""","Фінанси, банківська справа та страхування","Фінанси, банківська справа, страхування та фондовий ринок",,Факультет економічних наук,Управління та адміністрування,Денна,Повна загальна середня освіта,Так,Ні,1,63000,63000,20,47,,,356,50,70,3,7.12,2.30,179.33,160.49,166.11,169.67,179.08,160.40,162.00,182.68,https://vstup.osvita.ua/y2024/r27/79/1327071/
2024,79,"Національний університет ""Києво-Могилянська академія""",Хімія,Хімія,,Факультет природничих наук,Природничі науки,Денна,Повна загальна середня освіта,Так,Так,2,40000,40000,10,1,,,55,23,25,15,2.39,2.83,164.10,140.69,161.97,158.30,162.52,141.25,138.00,149.74,https://vstup.osvita.ua/y2024/r27/79/1347692/
2025,79,"Національний університет ""Києво-Могилянська академія""",Інженерія програмного забезпечення,Інженерія програмного забезпечення,,Факультет інформатики,Інформаційні технології,Денна,Повна загальна середня освіта,Так,Так,2,100000,100000,57,11,,,489,61,70,3,8.02,3.08,171.31,148.46,167.62,161.53,175.41,155.21,143.00,160.59,https://vstup.osvita.ua/y2025/r27/79/1479581/
2025,79,"Національний університет ""Києво-Могилянська академія""",Історія,Історія та археологія,,Факультет гуманітарних наук,"Культура, мистецтво та гуманітарні науки",Денна,Повна загальна середня освіта,Так,Так,2,55000,55000,33,12,,,271,35,60,16,7.74,2.95,169.81,144.90,163.17,164.55,168.82,143.13,131.00,161.25,https://vstup.osvita.ua/y2025/r27/79/1479083/
2025,79,"Національний університет ""Києво-Могилянська академія""","Автоматизація, комп’ютерно-інтегровані технології та робототехніка","Автоматизація, комп’ютерно-інтегровані технології та робототехніка",,Факультет інформатики,"Інженерія, виробництво та будівництво",Денна,Повна загальна середня освіта,Так,Ні,2,75000,75000,5,19,,,129,5,35,11,25.80,3.14,181.14,147.09,154.19,154.35,179.60,153.04,158.00,170.19,https://vstup.osvita.ua/y2025/r27/79/1535627/
2025,79,"Національний університет ""Києво-Могилянська академія""",Аналіз вразливостей інформаційних систем,Кібербезпека та захист інформації,,Факультет інформатики,Інформаційні технології,Денна,Повна загальна середня освіта,Так,Ні,1,75000,75000,6,27,,,296,6,35,2,49.33,3.26,171.90,148.05,152.39,151.86,175.08,154.03,169.00,171.48,https://vstup.osvita.ua/y2025/r27/79/1510935/
2025,79,"Національний університет ""Києво-Могилянська академія""",Англійська мова та українська мова,Філологія,"Германські мови та літератури (переклад включно), перша - англійська",Факультет гуманітарних наук,"Культура, мистецтво та гуманітарні науки",Денна,Повна загальна середня освіта,Так,Так,2,74000,74000,17,66,,,572,20,95,12,28.60,3.37,181.66,156.68,161.80,161.12,180.50,155.38,143.00,175.67,https://vstup.osvita.ua/y2025/r27/79/1499569/
2025,79,"Національний університет ""Києво-Могилянська академія""",Біологія та біотехнологія,Біологія та біохімія,,Факультет природничих наук,"Природничі науки, математика та статистика",Денна,Повна загальна середня освіта,Так,Ні,1,47000,47000,18,1,,,134,35,40,21,3.83,3.08,161.82,140.23,160.68,158.30,161.88,140.75,115.00,140.68,https://vstup.osvita.ua/y2025/r27/79/1486401/
2025,79,"Національний університет ""Києво-Могилянська академія""",Громадське здоров’я,Громадське здоров'я,,"Факультет охорони здоров`я, соціальної роботи і психології",Охорона здоров'я та соціальне забезпечення,Денна,Повна загальна середня освіта,Так,Ні,2,47000,47000,5,2,,,61,6,30,23,10.17,3.85,146.96,125.11,140.71,146.18,153.50,133.13,143.00,146.15,https://vstup.osvita.ua/y2025/r27/79/1535672/
2025,79,"Національний університет ""Києво-Могилянська академія""",Екологія,Екологія,,Факультет природничих наук,"Природничі науки, математика та статистика",Денна,Повна загальна середня освіта,Так,Так,1,47000,47000,12,2,,,75,24,32,18,3.12,3.50,148.88,135.52,146.97,146.27,154.13,146.63,115.00,138.79,https://vstup.osvita.ua/y2025/r27/79/1472404/
2025,79,"Національний університет ""Києво-Могилянська академія""",Економіка,Економіка та міжнародні економічні відносини,Економіка,Факультет економічних наук,"Соціальні науки, журналістика, інформація та міжнародні відносини",Денна,Повна загальна середня освіта,Так,Так,1,72000,72000,12,52,,,751,33,70,6,22.76,3.43,177.63,154.13,158.54,159.31,181.17,159.01,148.00,176.54,https://vstup.osvita.ua/y2025/r27/79/1486402/
2025,79,"Національний університет ""Києво-Могилянська академія""",Зв’язки з громадськістю,Журналістика,,Факультет соціальних наук і соціальних технологій,"Соціальні науки, журналістика, інформація та міжнародні відносини",Денна,Повна загальна середня освіта,Так,Ні,1,65000,65000,8,79,,,742,8,90,3,92.75,3.06,184.14,165.57,167.28,157.26,188.00,166.87,163.00,183.11,https://vstup.osvita.ua/y2025/r27/79/1443014/
2025,79,"Національний університет ""Києво-Могилянська академія""",Комп'ютерні науки,Комп'ютерні науки,,Факультет інформатики,Інформаційні технології,Денна,Повна загальна середня освіта,Так,Так,2,100000,100000,45,15,,,395,48,70,10,8.23,3.08,169.87,139.51,162.28,161.30,174.42,146.87,140.00,149.04,https://vstup.osvita.ua/y2025/r27/79/1468557/
2025,79,"Національний університет ""Києво-Могилянська академія""",Культурологія,Культурологія та музеєзнавство,,Факультет гуманітарних наук,"Культура, мистецтво та гуманітарні науки",Денна,Повна загальна середня освіта,Так,Так,1,55000,55000,24,11,,,189,24,35,,7.88,2.46,174.83,154.81,168.54,162.53,176.82,156.53,131.00,163.66,https://vstup.osvita.ua/y2025/r27/79/1479082/
2025,79,"Національний університет ""Києво-Могилянська академія""",Маркетинг,Маркетинг,,Факультет економічних наук,"Бізнес, адміністрування та право",Денна,Повна загальна середня освіта,Так,Так,1,75000,75000,18,59,,,783,28,80,3,27.96,2.92,177.55,160.72,164.65,153.61,182.17,165.98,166.00,177.15,https://vstup.osvita.ua/y2025/r27/79/1467397/
2025,79,"Національний університет ""Києво-Могилянська академія""",Менеджмент,Менеджмент,,Факультет економічних наук,"Бізнес, адміністрування та право",Денна,Повна загальна середня освіта,Так,Так,1,75000,75000,11,66,,,684,20,80,3,34.20,3.36,173.08,151.70,154.76,151.87,178.30,156.69,170.00,176.57,https://vstup.osvita.ua/y2025/r27/79/1467319/
2025,79,"Національний університет ""Києво-Могилянська академія""","Мова, література, компаративістика",Філологія,Українська мова та література,Факультет гуманітарних наук,"Культура, мистецтво та гуманітарні науки",Денна,Повна загальна середня освіта,Так,Так,2,55000,55000,43,7,,,209,53,65,15,3.94,2.61,176.57,153.31,173.31,172.97,173.92,150.79,123.00,166.17,https://vstup.osvita.ua/y2025/r27/79/1493246/
2025,79,"Національний університет ""Києво-Могилянська академія""","Міжнародні відносини, суспільні комунікації та регіональні студії",Міжнародні відносини,,Факультет соціальних наук і соціальних технологій,"Соціальні науки, журналістика, інформація та міжнародні відносини",Денна,Повна загальна середня освіта,Так,Так,2,88000,88000,16,81,,,893,18,90,3,49.61,3.05,190.14,170.53,173.77,166.98,189.89,170.11,169.00,186.54,https://vstup.osvita.ua/y2025/r27/79/1467621/
2025,79,"Національний університет ""Києво-Могилянська академія""",Політичне лідерство та економічна дипломатія,Політологія,,Києво-Могилянська школа професійної та неперервної освіти,"Соціальні науки, журналістика, інформація та міжнародні відносини",Денна,Повна загальна середня освіта,Ні,Ні,2,110000,110000,,57,,,148,,65,10,,,,153.69,153.69,157.89,,154.16,,,https://vstup.osvita.ua/y2025/r27/79/1537144/
2025,79,"Національний університет ""Києво-Могилянська академія""",Політологія,Політологія,,Факультет соціальних наук і соціальних технологій,"Соціальні науки, журналістика, інформація та міжнародні відносини",Денна,Повна загальна середня освіта,Так,Так,2,55000,55000,7,54,,,434,21,70,9,20.67,2.76,175.45,156.77,158.92,159.53,175.64,158.06,157.00,183.00,https://vstup.osvita.ua/y2025/r27/79/1472784/
2025,79,"Національний університет ""Києво-Могилянська академія""",Право,Право,,Факультет правничих наук,"Бізнес, адміністрування та право",Денна,Повна загальна середня освіта,Так,Ні,2,90000,90000,15,108,,,1041,68,150,29,15.31,3.05,174.68,163.78,165.11,166.88,175.43,164.01,163.00,183.82,https://vstup.osvita.ua/y2025/r27/79/1473578/
2025,79,"Національний університет ""Києво-Могилянська академія""",Прикладна математика,Прикладна математика,,Факультет інформатики,Інформаційні технології,Денна,Повна загальна середня освіта,Так,Так,2,64000,64000,31,1,,,170,43,50,18,3.95,3.12,171.22,166.07,171.06,167.10,174.97,171.00,140.00,145.93,https://vstup.osvita.ua/y2025/r27/79/1472870/
2025,79,"Національний університет ""Києво-Могилянська академія""",Психологія,Психологія,,"Факультет охорони здоров`я, соціальної роботи і психології","Соціальні науки, журналістика, інформація та міжнародні відносини",Денна,Повна загальна середня освіта,Так,Так,1,65000,65000,18,52,,,888,19,75,5,46.74,3.27,177.54,152.64,159.05,150.25,181.13,156.97,156.00,172.86,https://vstup.osvita.ua/y2025/r27/79/1473268/
2025,79,"Національний університет ""Києво-Могилянська академія""",Соціальна робота,Соціальна робота та консультування,,"Факультет охорони здоров`я, соціальної роботи і психології",Охорона здоров'я та соціальне забезпечення,Денна,Повна загальна середня освіта,Так,Так,2,48000,48000,18,3,,,113,35,35,14,3.23,3.26,147.57,139.92,146.47,146.31,154.42,140.50,123.00,137.37,https://vstup.osvita.ua/y2025/r27/79/1478796/
2025,79,"Національний університет ""Києво-Могилянська академія""",Соціологія,Соціологія,,Факультет соціальних наук і соціальних технологій,"Соціальні науки, журналістика, інформація та міжнародні відносини",Денна,Повна загальна середня освіта,Так,Так,1,53000,53000,30,35,,,366,44,70,5,8.32,2.87,176.25,156.75,165.75,163.05,176.63,157.81,137.00,172.58,https://vstup.osvita.ua/y2025/r27/79/1470708/
2025,79,"Національний університет ""Києво-Могилянська академія""",Суспільне і приватне врядування,Публічне управління та адміністрування,,Факультет правничих наук,"Бізнес, адміністрування та право",Денна,Повна загальна середня освіта,Так,Ні,2,50000,50000,2,20,,,177,5,65,44,35.40,2.57,128.70,160.28,157.42,160.37,159.75,165.58,,,https://vstup.osvita.ua/y2025/r27/79/1535683/
2025,79,"Національний університет ""Києво-Могилянська академія""",Філософія,Філософія,,Факультет гуманітарних наук,"Культура, мистецтво та гуманітарні науки",Денна,Повна загальна середня освіта,Так,Так,2,55000,55000,26,18,,,188,30,60,18,6.27,2.42,170.86,148.01,161.52,162.22,169.58,147.94,123.00,159.22,https://vstup.osvita.ua/y2025/r27/79/1475023/
2025,79,"Національний університет ""Києво-Могилянська академія""","Фінанси, банківська справа та страхування","Фінанси, банківська справа, страхування та фондовий ринок",,Факультет економічних наук,"Бізнес, адміністрування та право",Денна,Повна загальна середня освіта,Так,Ні,2,72000,72000,18,45,,,457,45,70,9,10.16,3.04,174.27,155.06,160.55,158.16,177.31,160.56,170.00,177.08,https://vstup.osvita.ua/y2025/r27/79/1467320/
2025,79,"Національний університет ""Києво-Могилянська академія""",Хімія,Хімія,,Факультет природничих наук,"Природничі науки, математика та статистика",Денна,Повна загальна середня освіта,Так,Так,1,45000,45000,10,1,,,80,21,24,13,3.81,2.69,152.04,118.37,148.98,160.07,149.83,,125.00,140.91,https://vstup.osvita.ua/y2025/r27/79/1486400/
